LicenseKeyDialog_ClipboardParser_ExpiryDate	(Freigeschaltet bis|Expiration date|Activated until|Válida hasta|Date d'expiration|Activé jusqu'au|Attivo fino a|Data waznosci|Aktywny do|Ativado até)	
LicenseKeyDialog_ClipboardParser_Username	(Benutzername|User name|Nombre de usuario|Nom d'utilisateur|Nome utente|Nazwa uzytkownika|Nome de usuário)	
LicenseKeyDialog_ClipboardParser_Key	(Lizenzschlüssel|License key|Clave de licencia|Clé de licence|Chiave di licenza|Klucz licencji|Chave de licença)	
MacroEditor_CodeTemplate_CustomTemplateCondition	using System;\r\nusing System.Linq;\r\nusing System.Collections.Generic;\r\nusing SwissAcademic.Citavi;\r\nusing SwissAcademic.Citavi.Metadata;\r\nusing SwissAcademic.Collections;\r\n\r\nnamespace SwissAcademic.Citavi.Citations\r\n{\r\n\tpublic class CustomTemplateCondition\r\n\t\t:\r\n\t\tITemplateConditionMacro\r\n\t{\r\n\t\tpublic bool IsTemplateForReference(ConditionalTemplate template, Citation citation)\r\n\t\t{\r\n\t\t\tif (citation == null) return false;\r\n\t\t\tif (citation.Reference == null) return false;\r\n\t\t\t\r\n\t\t\t//add macro code here\r\n\t\t\treturn true;\r\n\t\t}\r\n\t}\r\n}	using System;\r\nusing System.Linq;\r\nusing System.Collections.Generic;\r\nusing SwissAcademic.Citavi;\r\nusing SwissAcademic.Citavi.Metadata;\r\nusing SwissAcademic.Collections;\r\n\r\nnamespace SwissAcademic.Citavi.Citations\r\n{\r\n\tpublic class CustomTemplateCondition\r\n\t\t:\r\n\t\tITemplateConditionMacro\r\n\t{\r\n\t\tpublic bool IsTemplateForReference(ConditionalTemplate template, Citation citation)\r\n\t\t{\r\n\t\t\tif (citation == null) return false;\r\n\t\t\tif (citation.Reference == null) return false;\r\n\t\t\t\r\n\t\t\t//add macro code here\r\n\t\t\treturn true;\r\n\t\t}\r\n\t}\r\n}
MacroEditor_CodeTemplate_ComponentPartFilter	using System.Linq;\r\nusing System.Collections.Generic;\r\nusing SwissAcademic.Citavi;\r\nusing SwissAcademic.Citavi.Metadata;\r\nusing SwissAcademic.Collections;\r\nusing SwissAcademic.Drawing;\r\n\r\nnamespace SwissAcademic.Citavi.Citations\r\n{\r\n\tpublic class ComponentPartFilter\r\n\t\t:\r\n\t\tIComponentPartFilter\r\n\t{\r\n\t\tpublic IEnumerable<ITextUnit> GetTextUnits(ComponentPart componentPart, Template template, Citation citation, out bool handled)\r\n\t\t{\r\n\t\t\t//return handled = true if this macro generates the output (as an IEnumerable<ITextUnit>); the standard output will be suppressed\r\n\t\t\t//return handled = false if you want Citavi to produce the standard output; \r\n\r\n\t\t\thandled = false;\r\n\t\t\treturn null;\r\n\t\t\t\r\n\t\t\t//----------------------------------------------------------------------------------------------------------------------------------------------------------------\r\n\t\t\t//OPTION 1: manipulate the component part's elements, i.e. add, remove or edit elements , and let Citavi do the rest by setting handled = false and returning null\r\n\t\t\t//----------------------------------------------------------------------------------------------------------------------------------------------------------------\r\n\t\t\t/*\r\n\t\t\thandled = false;\r\n\t\t\t\r\n\t\t\tPersonFieldElement authorsFieldElement = componentPart.GetFieldElements().FirstOrDefault(fieldElement => fieldElement.PropertyId == ReferencePropertyId.Authors) as PersonFieldElement;\r\n\t\t\tif (authorsFieldElement == null) return null;\r\n\t\t\t\r\n\t\t\tauthorsFieldElement.FirstGroupUseNonBreakingSpaceBetweenLastAndFirstName = true;\r\n\t\t\t\r\n\t\t\tint index = componentPart.Elements.IndexOf(authorsFieldElement);\r\n\t\t\tLiteralElement label = componentPart.Elements.InsertLiteralElement(index, "Authors: ", ElementApplyCondition.NextElementHasData);\r\n\t\t\t\r\n\t\t\tSwissAcademic.Drawing.FontStyle fontStyle = SwissAcademic.Drawing.FontStyle.Neutral;\r\n\t\t\tfontStyle |= SwissAcademic.Drawing.FontStyle.Italic;\r\n\t\t\tfontStyle |= SwissAcademic.Drawing.FontStyle.Bold;\r\n\t\t\t\r\n\t\t\tlabel.FontStyle = fontStyle;\r\n\t\t\t\r\n\t\t\treturn null;\r\n\t\t\t*/\r\n\t\t\t//----------------------------------------------------------------------------------------------------------------------------------------------------------------\r\n\t\t\t\r\n\t\t\t//----------------------------------------------------------------------------------------------------------------------------------------------------------------\r\n\t\t\t//OPTION 2: generate new output, and tell Citavi to use it by setting handled = true and returning the output\r\n\t\t\t//----------------------------------------------------------------------------------------------------------------------------------------------------------------\r\n\t\t\t/*\r\n\t\t\t\r\n\t\t\tvar output = new TextUnitCollection();\r\n\t\t\tvar text = new LiteralTextUnit("hello world");\r\n\t\t\ttext.FontStyle = FontStyle.Bold;\r\n\t\t\toutput.Add(text);\r\n\t\t\t\r\n\t\t\thandled = true;\r\n\t\t\treturn output;\r\n\t\t\t*/\r\n\t\t\t//----------------------------------------------------------------------------------------------------------------------------------------------------------------\r\n\t\t\t\r\n\t\t\t//----------------------------------------------------------------------------------------------------------------------------------------------------------------\r\n\t\t\t//OPTION 3: fetch standard output and manipulate it, then tell Citavi to use the manipulated output by setting handled = true and returning it\r\n\t\t\t//----------------------------------------------------------------------------------------------------------------------------------------------------------------\r\n\t\t\t/*\r\n\t\t\thandled = true;\r\n\t\t\t\r\n\t\t\tvar output = componentPart.GetTextUnitsUnfiltered(); \r\n\t\t\tvar index = 0;\r\n\t\t\tforeach (ITextUnit textUnit in output)\r\n\t\t\t{\r\n\t\t\t\tif (textUnit.Text == ", et al.")\r\n\t\t\t\t{\r\n\t\t\t\t\tvar newTextUnit = new LiteralTextUnit("et al.");\r\n\t\t\t\t\tnewTextUnit.FontStyle = textUnit.FontStyle;\r\n\r\n\t\t\t\t\ttextUnit.Text = ", ";\r\n\t\t\t\t\ttextUnit.FontStyle = FontStyle.Neutral;\r\n\t\t\t\t\toutput.Insert(++index, newTextUnit);\r\n\r\n\t\t\t\t\tbreak;\r\n\t\t\t\t}\r\n\t\t\t}\r\n\t\t\t\r\n\t\t\treturn output;\r\n\t\t\t*/\r\n\t\t\t//----------------------------------------------------------------------------------------------------------------------------------------------------------------\r\n\t\t\t\r\n\t\t}\r\n\t}\r\n}	
MacroEditor_CodeTemplate_CustomCitationComparer	using System;\r\nusing System.Linq;\r\nusing System.Collections.Generic;\r\nusing System.ComponentModel;\r\nusing SwissAcademic.Citavi;\r\nusing SwissAcademic.Citavi.Citations;\r\nusing SwissAcademic.Citavi.Metadata;\r\nusing SwissAcademic.Collections;\r\n\r\nnamespace SwissAcademic.Citavi.Comparers\r\n{\r\n\tpublic class CustomCitationComparer\r\n\t\t:\r\n\t\tICustomCitationComparerMacro\r\n\t{\r\n\t\tpublic int Compare(Citation x, Citation y)\r\n\t\t{\r\n\t\t\t/*\r\n\t\t\t\tThis is an example of a custom sort macro that sorts all references of type 'internet document' on top of the bibliography.\r\n\t\t\t\tThe internet documents themselves are sorted according to a different logic than the rest of the cited documents.\r\n\t\t\t\tReturn values:\r\n\t\t\t\t0:\t\t\t\t\tx is considered the same as y sorting-wise, so we cannot tell a difference based on the algorithm below\r\n\t\t\t\t> 0 (positive):\t\tx should go after y, x is greater than y\r\n\t\t\t\t< 0 (negative):\t\tx should go before y, x is less than\r\n\t\t\t*/\r\n\r\n\t\t\t//First we make sure we are comparing BibliographyCitations only\r\n\t\t\tvar xBibliographyCitation = x as BibliographyCitation;\r\n\t\t\tvar yBibliographyCitation = y as BibliographyCitation;\r\n\r\n\t\t\tif (xBibliographyCitation == null || yBibliographyCitation == null) return 0;\r\n\t\t\tvar xReference = xBibliographyCitation.Reference;\r\n\t\t\tvar yReference = yBibliographyCitation.Reference;\r\n\t\t\tif (xReference == null || yReference == null) return 0;\r\n\r\n\r\n\t\t\t//(1) \tSome comparers are predefined as static members of the CitationComparer class, see IntelliSense\r\n\t\t\tvar defaultCitationComparer = CitationComparer.AuthorYearTitleAscending;\r\n\r\n\t\t\t//(2)\tYou can also build citation comparers based on arbitrary reference properties ("fields")\r\n\t\t\t//(2a)\tFirst, define a list of property sort descriptors of the reference type\r\n\t\t\tvar sortDescriptors = new List<PropertySortDescriptor<Reference>>();\r\n\t\t\tsortDescriptors.Add(new PropertySortDescriptor<Reference>(ReferencePropertyDescriptor.YearResolved, ListSortDirection.Descending));\r\n\t\t\tsortDescriptors.Add(new PropertySortDescriptor<Reference>(ReferencePropertyDescriptor.AuthorsOrEditorsOrOrganizations, ListSortDirection.Ascending));\r\n\t\t\tsortDescriptors.Add(new PropertySortDescriptor<Reference>(ReferencePropertyDescriptor.Title, ListSortDirection.Ascending));\r\n\t\t\t//(2b)\tThen, construct a new citation comparer using the list of sort descriptors\r\n\t\t\tvar specialCitationComparer = new CitationComparer(sortDescriptors);\r\n\r\n\t\t\t//(3)\tOr you can define something altogether NEW\r\n\t\t\t//e.g. first I want to see all Internet Documents, sorted by AuthorYearTitle, then all other reference types, sorted by year first, then author and title (see specialReferenceComparer above)\r\n\r\n\t\t\tif (xReference.ReferenceType == ReferenceType.InternetDocument && yReference.ReferenceType == ReferenceType.InternetDocument) return specialCitationComparer.Compare(x, y); //YearAuthorTitle\r\n\t\t\tif (xReference.ReferenceType == ReferenceType.InternetDocument && yReference.ReferenceType != ReferenceType.InternetDocument) return -1;\r\n\t\t\tif (xReference.ReferenceType != ReferenceType.InternetDocument && yReference.ReferenceType == ReferenceType.InternetDocument) return 1;\r\n\r\n\t\t\treturn defaultCitationComparer.Compare(x, y);\r\n\t\t}\r\n\t}\r\n}	
LicenseKeyDialog_ClipboardParser_Organisation	(Organisation|Organization|Organización|Organizzazione|Instytucja|Organização)	
CitationStyleHelpContextTemplate	{\\rtf1\\ansi\\ansicpg1252\\deff0\\deflang2055{\\fonttbl{\\f0\\fswiss\\fprq2\\fcharset0 Segoe UI;}{\\f1\\froman\\fprq2\\fcharset0 Times New Roman;}{\\f2\\fnil\\fcharset0 Calibri;}}\r\n{\\colortbl ;\\red225\\green0\\blue0;\\red255\\green136\\blue17;\\red0\\green0\\blue0;\\red0\\green0\\blue255;\\red128\\green128\\blue128;}\r\n{\\*\\generator Msftedit 5.41.21.2510;}\\viewkind4\\uc1\\pard\\nowidctlpar\\ri300\\sa80\\sl264\\slmult1\\cf1\\lang1033\\f0\\fs18 Name of Style\\cf2\\f1\\par\r\n\\pard\\nowidctlpar\\cf3\\b\\f0 Distinctive Feature:\\f1\\par\r\n\\cf0\\b0\\f0 The bibliography is sorted alphabetically. \\par\r\nThe citation appears as a full reference in the footnote.\\par\r\nThe author's last name and the year of publication are used for in-text citations.\\par\r\nThe author's last name, the year of publication, and the page numbers cited are used for in-text citations.\\par\r\n\\f1\\par\r\n\\f0 The bibliography is sorted in the order cited. \\par\r\nReference numbers are used for in-text citations.\\par\r\n\\f1\\par\r\n\\f0 This style does not use a bibliography. All references are cited as footnotes.\\par\r\nThe citation appears as a full reference in the first footnote, in subsequent citations, it is abbreviated. If a reference is quoted two times in a row, "ibid." is used.\\par\r\nIf the same source is cited two or more times in a row, the author name and year are replaced with "ibid."\\par\r\nAdd the appropriate punctuation at the end of a footnote by hand.\\par\r\n\\f1\\par\r\n\\f0 After you've finished your publication, convert your footnotes to endnotes in Word.\\par\r\n\\f1\\par\r\n\\f0 Journal names are abbreviated.\\par\r\nThis style shows only the start page of a page range.\\par\r\nNames of persons are set in small caps. This is not shown in the Preview Area of the Reference Editor in Citavi.\\par\r\n\\pard\\nowidctlpar\\sl264\\slmult1\\f1\\par\r\n\\f0 To use this style, you need to import a citation key definition. Please download the citation key package from {\\field{\\*\\fldinst{HYPERLINK "http://www.citavi.com/sub/citationkeys/NAME.zip"}}{\\fldrslt{\\ul\\cf4 http://www.citavi.com/sub/citationkeys/NAME.zip}}}\\f0\\fs18  and follow the instructions given there.\\par\r\n\\pard\\sl252\\slmult1 Select the \\b Citation Key Support\\b0  checkbox in \\b Tools > Options > General\\b0 . Click \\b Customize\\b0  and then \\b Default\\b0  to set the format to \\b Author\\b0  (last name of the first author) and \\b Title\\b0  (the first word of the title, omitting the article).\\par\r\n\\pard\\nowidctlpar\\sl264\\slmult1 Select the \\b Citation Key Support\\b0  checkbox in \\b Tools > Options > General\\b0 . Click \\b Configure\\b0  to set the format to \\b Title\\b0  (the first word of the title, omitting the article) or download the citation key package from {\\field{\\*\\fldinst{HYPERLINK "www.citavi.com/citationkey-firstword"}}{\\fldrslt{\\ul\\cf4 www.citavi.com/citationkey-firstword}}}\\f0\\fs18  and follow the instructions given there.\\par\r\n\\f1\\par\r\n\\f0 This style uses different formatting depending on the language of the reference. Please enter "en" (without quotation marks) on the Reference tab in the Language field for each English-language source in your project.\\par\r\nFor reviews, put the word "Review" in the title supplements field.\\par\r\nThe bibliography is sorted first by \\b Custom Field 1\\b0  and then alphabetically. Use \\b Custom Field 1\\b0  to enter the categories you want to sort by (e.g. primary sources, secondary sources). Before submitting your publication or paper, convert your document to static text and then add headings for each category manually.\\par\r\nAn encyclopedia article should be added as a \\b Contribution in an Edited Book\\b0  and word "Lexikon" should be entered in Custom Field 1.\\par\r\n\\cf3\\b\\f1\\par\r\n\\cf0\\b0\\f0 The journal editors request that references be cited according to APA 6th ed. guidelines. However, this citation style was based on examples found in current articles which do not conform to the APA 6th ed. standards.\\f1\\par\r\n\\pard\\nowidctlpar\\sa80\\sl264\\slmult1\\cf3\\b\\par\r\n\\f0 Source:\\cf0\\b0  \\line Hier die Originalquelle im \\'84Stil des Stils\\ldblquote  eingeben; Minimum: URL (Datum des Zugriffs)\\cf5\\f1\\par\r\n\\pard\\nowidctlpar\\sl264\\slmult1\\cf0\\f0 Documentation available at request from the editor.\\par\r\n\\pard\\sa200\\sl276\\slmult1\\lang7\\f2\\fs22\\par\r\n}	{\\rtf1\\ansi\\ansicpg1252\\deff0\\deflang2055{\\fonttbl{\\f0\\fswiss\\fprq2\\fcharset0 Segoe UI;}{\\f1\\froman\\fprq2\\fcharset0 Times New Roman;}{\\f2\\fnil\\fcharset0 Calibri;}}\r\n{\\colortbl ;\\red225\\green0\\blue0;\\red255\\green136\\blue17;\\red0\\green0\\blue0;\\red0\\green0\\blue255;\\red128\\green128\\blue128;}\r\n{\\*\\generator Msftedit 5.41.21.2510;}\\viewkind4\\uc1\\pard\\nowidctlpar\\ri300\\sa80\\sl264\\slmult1\\cf1\\lang1033\\f0\\fs18 Name of Style\\cf2\\f1\\par\r\n\\pard\\nowidctlpar\\cf3\\b\\f0 Distinctive Feature:\\f1\\par\r\n\\cf0\\b0\\f0 The bibliography is sorted alphabetically. \\par\r\nThe citation appears as a full reference in the footnote.\\par\r\nThe author's last name and the year of publication are used for in-text citations.\\par\r\nThe author's last name, the year of publication, and the page numbers cited are used for in-text citations.\\par\r\n\\f1\\par\r\n\\f0 The bibliography is sorted in the order cited. \\par\r\nReference numbers are used for in-text citations.\\par\r\n\\f1\\par\r\n\\f0 This style does not use a bibliography. All references are cited as footnotes.\\par\r\nThe citation appears as a full reference in the first footnote, in subsequent citations, it is abbreviated. If a reference is quoted two times in a row, "ibid." is used.\\par\r\nIf the same source is cited two or more times in a row, the author name and year are replaced with "ibid."\\par\r\nAdd the appropriate punctuation at the end of a footnote by hand.\\par\r\n\\f1\\par\r\n\\f0 After you've finished your publication, convert your footnotes to endnotes in Word.\\par\r\n\\f1\\par\r\n\\f0 Journal names are abbreviated.\\par\r\nThis style shows only the start page of a page range.\\par\r\nNames of persons are set in small caps. This is not shown in the Preview Area of the Reference Editor in Citavi.\\par\r\n\\pard\\nowidctlpar\\sl264\\slmult1\\f1\\par\r\n\\f0 To use this style, you need to import a citation key definition. Please download the citation key package from {\\field{\\*\\fldinst{HYPERLINK "http://www.citavi.com/sub/citationkeys/NAME.zip"}}{\\fldrslt{\\ul\\cf4 http://www.citavi.com/sub/citationkeys/NAME.zip}}}\\f0\\fs18  and follow the instructions given there.\\par\r\n\\pard\\sl252\\slmult1 Select the \\b Citation Key Support\\b0  checkbox in \\b Tools > Options > General\\b0 . Click \\b Customize\\b0  and then \\b Default\\b0  to set the format to \\b Author\\b0  (last name of the first author) and \\b Title\\b0  (the first word of the title, omitting the article).\\par\r\n\\pard\\nowidctlpar\\sl264\\slmult1 Select the \\b Citation Key Support\\b0  checkbox in \\b Tools > Options > General\\b0 . Click \\b Configure\\b0  to set the format to \\b Title\\b0  (the first word of the title, omitting the article) or download the citation key package from {\\field{\\*\\fldinst{HYPERLINK "www.citavi.com/citationkey-firstword"}}{\\fldrslt{\\ul\\cf4 www.citavi.com/citationkey-firstword}}}\\f0\\fs18  and follow the instructions given there.\\par\r\n\\f1\\par\r\n\\f0 This style uses different formatting depending on the language of the reference. Please enter "en" (without quotation marks) on the Reference tab in the Language field for each English-language source in your project.\\par\r\nFor reviews, put the word "Review" in the title supplements field.\\par\r\nThe bibliography is sorted first by \\b Custom Field 1\\b0  and then alphabetically. Use \\b Custom Field 1\\b0  to enter the categories you want to sort by (e.g. primary sources, secondary sources). Before submitting your publication or paper, convert your document to static text and then add headings for each category manually.\\par\r\nAn encyclopedia article should be added as a \\b Contribution in an Edited Book\\b0  and word "Lexikon" should be entered in Custom Field 1.\\par\r\n\\cf3\\b\\f1\\par\r\n\\cf0\\b0\\f0 The journal editors request that references be cited according to APA 6th ed. guidelines. However, this citation style was based on examples found in current articles which do not conform to the APA 6th ed. standards.\\f1\\par\r\n\\pard\\nowidctlpar\\sa80\\sl264\\slmult1\\cf3\\b\\par\r\n\\f0 Source:\\cf0\\b0  \\line Hier die Originalquelle im \\'84Stil des Stils\\ldblquote  eingeben; Minimum: URL (Datum des Zugriffs)\\cf5\\f1\\par\r\n\\pard\\nowidctlpar\\sl264\\slmult1\\cf0\\f0 Documentation available at request from the editor.\\par\r\n\\pard\\sa200\\sl276\\slmult1\\lang7\\f2\\fs22\\par\r\n}
MacroEditor_CodeTemplate_MacroExternal	using System;\r\nusing System.Linq;\r\nusing System.ComponentModel;\r\nusing System.Collections.Generic;\r\nusing System.Threading;\r\nusing System.Threading.Tasks;\r\nusing System.Windows.Forms;\r\n\r\nusing SwissAcademic.Citavi;\r\nusing SwissAcademic.Citavi.Metadata;\r\nusing SwissAcademic.Citavi.Shell;\r\nusing SwissAcademic.Collections;\r\n\r\n// Implementation of macro editor is preliminary and experimental.\r\n// The Citavi object model is subject to change in future version.\r\n\r\npublic static class CitaviMacro\r\n{\r\n\tpublic static void Main()\r\n\t{\r\n\t\t//Get the active project\r\n\t\tProject project = Program.ActiveProjectShell.Project;\r\n\t\t\r\n\t\t//Get the active ("primary") MainForm\r\n\t\tMainForm mainForm = Program.ActiveProjectShell.PrimaryMainForm;\r\n\t\t\r\n\t\t//if this macro should ALWAYS affect all titles in active project, choose:\r\n\t\t//ProjectReferenceCollection references = project.References;\t\t\r\n\r\n\t\t//if this macro should affect just filtered rows in the active MainForm, choose:\r\n\t\tList<Reference> references = mainForm.GetFilteredReferences();\t\r\n\r\n\t\tforeach (Reference reference in references)\r\n\t\t{\r\n\t\t\t// your code\r\n\t\t}\r\n\t}\r\n}	using System;\r\nusing System.Linq;\r\nusing System.ComponentModel;\r\nusing System.Collections.Generic;\r\nusing System.Threading;\r\nusing System.Threading.Tasks;\r\nusing System.Windows.Forms;\r\n\r\nusing SwissAcademic.Citavi;\r\nusing SwissAcademic.Citavi.Metadata;\r\nusing SwissAcademic.Citavi.Shell;\r\nusing SwissAcademic.Collections;\r\n\r\n// Implementation of macro editor is preliminary and experimental.\r\n// The Citavi object model is subject to change in future version.\r\n\r\npublic static class CitaviMacro\r\n{\r\n\tpublic static void Main()\r\n\t{\r\n\t\t//Get the active project\r\n\t\tProject project = Program.ActiveProjectShell.Project;\r\n\t\t\r\n\t\t//Get the active ("primary") MainForm\r\n\t\tMainForm mainForm = Program.ActiveProjectShell.PrimaryMainForm;\r\n\t\t\r\n\t\t//if this macro should ALWAYS affect all titles in active project, choose:\r\n\t\t//ProjectReferenceCollection references = project.References;\t\t\r\n\r\n\t\t//if this macro should affect just filtered rows in the active MainForm, choose:\r\n\t\tList<Reference> references = mainForm.GetFilteredReferences();\t\r\n\r\n\t\tforeach (Reference reference in references)\r\n\t\t{\r\n\t\t\t// your code\r\n\t\t}\r\n\t}\r\n}
MacroEditor_CodeTemplate_MacroInternal	using System;\r\nusing System.Linq;\r\nusing System.ComponentModel;\r\nusing System.Collections.Generic;\r\nusing System.Threading;\r\nusing System.Threading.Tasks;\r\nusing System.Windows.Forms;\r\n\r\nusing SwissAcademic.Citavi;\r\nusing SwissAcademic.Citavi.Metadata;\r\nusing SwissAcademic.Citavi.Shell;\r\nusing SwissAcademic.Collections;\r\n\r\n// Implementation of macro editor is preliminary and experimental.\r\n// The Citavi object model is subject to change in future version.\r\n\r\npublic static class CitaviMacro\r\n{\r\n\tpublic static void Main()\r\n\t{\r\n\t}\r\n}	using System;\r\nusing System.Linq;\r\nusing System.ComponentModel;\r\nusing System.Collections.Generic;\r\nusing System.Threading;\r\nusing System.Threading.Tasks;\r\nusing System.Windows.Forms;\r\n\r\nusing SwissAcademic.Citavi;\r\nusing SwissAcademic.Citavi.Metadata;\r\nusing SwissAcademic.Citavi.Shell;\r\nusing SwissAcademic.Collections;\r\n\r\n// Implementation of macro editor is preliminary and experimental.\r\n// The Citavi object model is subject to change in future version.\r\n\r\npublic static class CitaviMacro\r\n{\r\n\tpublic static void Main()\r\n\t{\r\n\t}\r\n}
