Start_ProjectsList	Project list	项目列表
Shop_ShopCriteriaHeader	Different categories offer different licenses and pricing. Please select the category that applies to you.	不同的分类提供不同的许可证和价格。请选择适用于您的分类。
App_MoreReferenceNavigation	More	更多
Account_AccountCriteriaAccountManagement	Here you can merge two accounts or delete your account.	您可以在此处合并两个帐户或删除您的帐户。
App_Subtitle_Book	Book subtitle	图书副标题
App_Title_Book	Book title	图书标题
Account_ProfileTitle	Click or tap a blue link to edit your information or change your profile image.	单击或点按蓝色链接以编辑您的信息或更改您的个人资料图像。
Start_SettingsMenuLink	Settings	设置
App_TitleSupplement_Book	Book title supplement	图书标题补充
Shop_Buy	You will be redirected to the cleverbridge website. You can change the license quantity there.	您将被重定向到 cleverbridge 网站。您可以在那里更改许可证数量。
Shop_ProductsList	Here you can find all products that belong to the group you selected in the left-hand column.	在此处可以找到属于您在左栏中选择的组的所有产品。
App_CriteriaHeader	Criteria header	条件标题
Start_RSSFeedsButton	RSS Feeds button	RSS 源按钮
Shop_Quote	You will be redirected to the cleverbridge website for your quote.	您将被重定向到 cleverbridge 网站以获取报价。
Shop_ProductDetails	Here you can find information on the selected product.	在此处可以找到有关所选产品的信息。
Start_ProjectCriteria	Project criteria	项目条件
Start_RSSFeedsList	RSS Feed list	RSS 源列表
Account_NewLicense	Order licenses or request a quote in the Citavi Shop.	在 Citavi 商店中订购许可证或请求报价。
Shop_Cart	Your order for this session is displayed in the shopping cart. You can change the quantity there.	您本次会话的订单显示在购物车中。您可以在那里更改数量。
Account_LicensesTitle	Information for each license key can be found in the right-hand column. Click or tap a link for additional options.	每个许可证密钥的信息可以在右栏中找到。单击或点按链接以获取其他选项。
