CRM_Email_newline	<p/>	<p/>
CRM_Email_CampusContractExtensionLoginShibboleth_second_paragraph	If you don't have a Citavi Account yet, you can create one below. You'll be led through the process step by step. If you already have a Citavi Account, click the link to log in.\r\n##newline\r\nYour license is valid for ##productname. Do you need a license for an earlier Citavi version? ##helpgetoldversion\r\n\r\n##addOn	如果您还没有 Citavi 账户，可以在下方创建一个。系统将逐步引导您完成该过程。如果您已有 Citavi 账户，请单击链接登录。\r\n##newline\r\n您的许可证对 ##productname 有效。您是否需要旧版 Citavi 的许可证？ ##helpgetoldversion\r\n\r\n##addOn
CRM_Email_CampusContractExtensionInfoMail_second_paragraph	Citavi 6 users have to confirm that they are still members of your organization. Depending on your chosen settings, this can be accomplished by (a) clicking the confirmation link in the email; (b) logging in to Shibboleth; (c) entering a voucher code. No license information is copied and then entered in Citavi.\r\n##newline\r\nCitavi 5 users have to log in to their Citavi accounts. There, the license key can be found and must be copied to the Clipboard. It can then be entered in Citavi 5. Users can also request license keys for earlier versions of Citavi. Please see  ##helpgetoldversion for more information.	Citavi 6 用户必须确认他们仍为您组织的成员。根据您所选的设置，可通过以下方式完成：(a) 单击电子邮件中的确认链接；(b) 登录 Shibboleth;(c) 输入优惠券代码。不会复制任何许可证信息并输入到 Citavi 中。\r\n##newline\r\nCitavi 5 用户必须登录其 Citavi 账户。在那里可以找到许可证密钥，必须将其复制到剪贴板，然后可在 Citavi 5 中输入。用户还可以申请旧版 Citavi 的许可证密钥。有关更多信息，请参阅  ##helpgetoldversion。
CRM_Email_CampusContractExtensionLicensfilePublicInstall_subject	Citavi License Key File for Public Workstations for  ##organization	用于  ##organization 的公共工作站 Citavi 许可证密钥文件
CRM_Email_CampusContractExtension_first_paragraph	Your university or organization recently renewed its site license. The new license key can now be found in your account. Log in to your account to verify that you are still affiliated with the university or organization.\r\n\r\nYour license is valid for ##productname. Do you need a license for an earlier Citavi version? ##helpgetoldversion\r\n\r\n##addOn	您的大学或组织最近续订了其站点许可证。现在可以在您的账户中找到新的许可证密钥。登录您的账户以确认您仍隶属于该大学或组织。\r\n\r\n您的许可证对 ##productname 有效。您是否需要旧版 Citavi 的许可证？ ##helpgetoldversion\r\n\r\n##addOn
CRM_Email_CampusContractExtensionVerifyAccount_first_paragraph	Your university or organization recently renewed its site license for Citavi. In September 2016 we changed our licensing procedure. You can now find your new license key in your Citavi account.	您的大学或组织最近续订了 Citavi 的站点许可证。2016 年 9 月我们更改了许可流程。现在您可以在 Citavi 账户中找到新的许可证密钥。
CRM_Email_CampusContractExtension_subject	The Citavi site license was renewed	Citavi 站点许可证已续订
CRM_Email_CampusContractExtensionLicensfileExportData_first_paragraph	Your university is using a site license for Citavi. To create a settings file, which among other things can include login credentials to restricted databases, you need a special license key file. Attached you will find this special license key file.	您的大学正在使用 Citavi 站点许可证。要创建设置文件(其中可能包含受限数据库的登录凭据等),您需要一个特殊的许可证密钥文件。随附的是该专用许可证密钥文件。
CRM_Email_CampusContractExtensionVerifyLicense_first_paragraph	Your Citavi site license has been renewed. You can find the new license key in your Citavi account. Log in to access the license key.\r\n##newline\r\nYour license is valid for ##productname. Do you need a license for an earlier Citavi version? ##helpgetoldversion\r\n\r\n##addOn	您的 Citavi 站点许可证已续订。您可以在 Citavi 账户中找到新的许可证密钥。登录以访问许可证密钥。\r\n##newline\r\n您的许可证对 ##productname 有效。您是否需要旧版 Citavi 的许可证？ ##helpgetoldversion\r\n\r\n##addOn
CRM_Email_CampusContractExtensionLoginShibboleth_button	Log in to account	登录账户
CRM_Email_disclaimer	If you did not make this request, please ignore this message.	如果您未发起此请求，请忽略此消息。
CRM_Email_CampusContractExtensionLoginShibboleth_subject	Your Citavi site license has been renewed	您的 Citavi 站点许可证已续订
CRM_Email_CampusContractExtensionLicensfilePublicInstall_second_paragraph	The Citavi Manual describes how to use the file.	Citavi 手册介绍了如何使用该文件。
CRM_Email_address	Swiss Academic Software GmbH - Florhofstrasse 2 - 8820 Waedenswil - Switzerland	Swiss Academic Software GmbH - Florhofstrasse 2 - 8820 Waedenswil - Switzerland
CRM_Email_CampusContractExtensionLicensfileExportData_subject	License key for Citavi settings file export for ##organization	供 ##organization 导出 Citavi 设置文件所用的许可证密钥
CRM_Email_CampusContractExtensionLoginShibboleth_first_paragraph	Your university or organization recently renewed its site license. In September 2016 we changed how you can get your license information. The new license key can now be found in your account.	您的大学或组织最近续订了其站点许可证。2016 年 9 月我们更改了获取许可证信息的方式。现在可以在您的账户中找到新的许可证密钥。
CRM_Email_regards_firstline	Best regards,	顺致问候
CRM_Email_CampusContractExtensionVerifyAccount_button	Choose a password	设置密码
CRM_Email_regards_secondline	Your Citavi Team	您的 Citavi 团队
CRM_Email_Salutation	Dear {0},	尊敬的 {0}:
CRM_Email_CampusContractExtensionVerifyLicense_subject	Your Citavi site license has been renewed	您的 Citavi 站点许可证已续订
CRM_Email_CampusContractExtensionLicensfileExportData_second_paragraph	To learn more about creating settings files, please see the Citavi Manual.	要了解有关创建设置文件的更多信息，请参阅 Citavi 手册。
CRM_Email_CampusContractExtension_button	Log in to account now	立即登录账户
CRM_Email_CampusContractExtensionInfoMail_first_paragraph	The site license that you purchased for your employees and students has been renewed. All Citavi users will receive an email informing them of the next steps to take.	您为员工和学生购买的站点许可证已续订。所有 Citavi 用户都将收到一封电子邮件，告知他们接下来要采取的步骤。
CRM_Email_CampusContractExtensionVerifyAccount_subject	Your Citavi site license has been renewed	您的 Citavi 站点许可证已续订
CRM_Email_CampusContractExtensionLicensfileExportData_button	Learn more in the Citavi Manual	在 Citavi 手册中了解更多
CRM_Email_CampusContractExtensionLicensfilePublicInstall_button	Go to the manual 	转到手册
CRM_Email_CampusContractExtensionLicensfilePublicInstall_first_paragraph	Your university currently has a site license for Citavi. To use Citavi on public computers, such as in a library or computer lab, you can use the attached license key file for  ##productname to simplify deployment.	您的大学目前拥有 Citavi 站点许可证。要在公共计算机(如图书馆或计算机实验室)上使用 Citavi,您可以使用随附的  ##productname 许可证密钥文件来简化部署。
CRM_Email_CampusContractExtensionVerifyAccount_second_paragraph	To complete your Citavi account registration, choose a password for logging in to your account.\r\n##newline\r\nYour license is valid for ##productname. Do you need a license for an earlier Citavi version? ##helpgetoldversion\r\n\r\n##addOn	要完成 Citavi 账户注册，请设置用于登录账户的密码。\r\n##newline\r\n您的许可证对 ##productname 有效。您是否需要旧版 Citavi 的许可证？ ##helpgetoldversion\r\n\r\n##addOn
CRM_Email_CampusContractExtensionInfoMail_subject	Information for administrators: Your Citavi site license was renewed	管理员信息：您的 Citavi 站点许可证已续订
CRM_Email_CampusContractExtensionVerifyLicense_button	Log in to account	登录账户
