LyX_InsertPlaceholderAsFootnote	Insert in LyX as footnote with {0}	以脚注形式插入 LyX，使用 {0}
LaTeXNumberingTypeMargin	no.|nos.	
WinShell_InsertPlaceholder	Insert in WinShell with {0}	插入 WinShell，使用 {0}
TeXstudio_InsertKnowledgeItem	Insert in TeXstudio with {0}	插入 TeXstudio，使用 {0}
LyX_InsertKnowledgeItemAsFootnote	Insert in LyX as footnote with {0}	使用 {0} 以脚注形式插入到 LyX 中
TeXworks_InsertKnowledgeItem	Insert in TeXworks with {0}	插入 TeXworks，使用 {0}
WinTeX_InsertKnowledgeItemAsFootnote	Insert in WinTeX as footnote with {0}	以脚注形式插入 WinTeX，使用 {0}
WinShell_InsertKnowledgeItem	Insert in WinShell with {0}	插入 WinShell，使用 {0}
WinTeX_InsertPlaceholder	Insert in WinTeX with {0}	插入 WinTeX，使用 {0}
LEd_InsertKnowledgeItem	Insert in LEd with {0}	插入 LEd，使用 {0}
TeXMaker_InsertPlaceholderAsFootnote	Insert in Texmaker as footnote with {0}	以脚注形式插入 Texmaker，使用 {0}
TeXMaker_InsertKnowledgeItem	Insert in Texmaker with {0}	插入 Texmaker，使用 {0}
TeXnicCenter_InsertPlaceholder	Insert in TeXnicCenter with {0}	插入 TeXnicCenter，使用 {0}
TeXstudio_InsertPlaceholder	Insert in TeXstudio with {0}	插入 TeXstudio，使用 {0}
TeXMaker_InsertPlaceholder	Insert in Texmaker with {0}	插入 Texmaker，使用 {0}
TeXstudio_InsertPlaceholderAsFootnote	Insert in TeXstudio as footnote with {0}	以脚注形式插入 TeXstudio，使用 {0}
WinShell_InsertKnowledgeItemAsFootnote	Insert in WinShell as footnote with {0}	以脚注形式插入 WinShell，使用 {0}
TeXnicCenter_InsertKnowledgeItemAsFootnote	Insert in TeXnicCenter as footnote with {0}	以脚注形式插入 TeXnicCenter，使用 {0}
LyX_InsertPlaceholder	Insert in LyX with {0}	使用 {0} 插入到 LyX 中
WinEdt_InsertKnowledgeItemAsFootnote	Insert in WinEdt as footnote with {0}	以脚注形式插入 WinEdt，使用 {0}
TeXstudio_InsertKnowledgeItemAsFootnote	Insert in TeXstudio as footnote with {0}	以脚注形式插入 TeXstudio，使用 {0}
LEd_InsertPlaceholderAsFootnote	Insert in LEd as footnote with {0}	以脚注形式插入 LEd，使用 {0}
WinShell_InsertPlaceholderAsFootnote	Insert in WinShell as footnote with {0}	以脚注形式插入 WinShell，使用 {0}
LaTeXNumberingTypeParagraph	\\S|\\S\\S	
TeXworks_InsertPlaceholder	Insert in TeXworks with {0}	插入 TeXworks，使用 {0}
WinTeX_InsertPlaceholderAsFootnote	Insert in WinTeX as footnote with {0}	以脚注形式插入 WinTeX，使用 {0}
LEd_InsertPlaceholder	Insert in LEd with {0}	插入 LEd，使用 {0}
TeXworks_InsertPlaceholderAsFootnote	Insert in TeXworks as footnote with {0}	以脚注形式插入 TeXworks，使用 {0}
WinEdt_InsertKnowledgeItem	Insert in WinEdt with {0}	插入 WinEdt，使用 {0}
LEd_InsertKnowledgeItemAsFootnote	Insert in LEd as footnote with {0}	以脚注形式插入 LEd，使用 {0}
WinEdt_InsertPlaceholderAsFootnote	Insert in WinEdt as footnote with {0}	以脚注形式插入 WinEdt，使用 {0}
TeXnicCenter_InsertPlaceholderAsFootnote	Insert in TeXnicCenter as footnote with {0}	以脚注形式插入 TeXnicCenter，使用 {0}
LaTeXNumberingTypePages	p.|pp.	
WinEdt_InsertPlaceholder	Insert in WinEdt with {0}	插入 WinEdt，使用 {0}
TeXnicCenter_InsertKnowledgeItem	Insert in TeXnicCenter with {0}	插入 TeXnicCenter，使用 {0}
TeXMaker_InsertKnowledgeItemAsFootnote	Insert in Texmaker as footnote with {0}	以脚注形式插入 Texmaker，使用 {0}
TeXworks_InsertKnowledgeItemAsFootnote	Insert in TeXworks as footnote with {0}	以脚注形式插入 TeXworks，使用 {0}
WinTeX_InsertKnowledgeItem	Insert in WinTeX with {0}	插入 WinTeX，使用 {0}
LyX_InsertKnowledgeItem	Insert in LyX with {0}	插入 LyX，使用 {0}
LaTeXNumberingTypeColumn	col.|cols.	
